date,group,location,latitude,longitude,elevation,predicate,sunset_status,moonset_status,sunset_jd,relevant_conjunction_jd,moonset_jd,sun_center_geometric_altitude,moon_center_geometric_altitude,moon_upper_limb_apparent_altitude,geocentric_elongation,topocentric_elongation,signed_moon_age_hours,lag_minutes,local_decision,yallop_model_q,yallop_model_zone,odeh_model_v,odeh_model_zone
2020-05-22,SOUTHEAST_ASIA,Jakarta,-6.2088,106.8456,8.0,MABIMS_1992,OK,NEVER_RISES,2458991.946915632,2458992.226702789,nan,-0.833400,-3.931722,-3.115016,4.184613,4.726059,-6.714892,nan,0,nan,UNAVAILABLE,nan,UNAVAILABLE
2020-05-22,SOUTHEAST_ASIA,Jakarta,-6.2088,106.8456,8.0,MABIMS_2021,OK,NEVER_RISES,2458991.946915632,2458992.226702789,nan,-0.833400,-3.931722,-3.115016,4.184613,4.726059,-6.714892,nan,0,nan,UNAVAILABLE,nan,UNAVAILABLE
2020-05-22,SOUTHEAST_ASIA,Kuala Lumpur,3.1390,101.6869,66.0,MABIMS_1992,OK,NEVER_RISES,2458991.970985373,2458992.226702789,nan,-0.833400,-4.251025,-3.434277,3.965675,4.597442,-6.137218,nan,0,nan,UNAVAILABLE,nan,UNAVAILABLE
2020-05-22,SOUTHEAST_ASIA,Kuala Lumpur,3.1390,101.6869,66.0,MABIMS_2021,OK,NEVER_RISES,2458991.970985373,2458992.226702789,nan,-0.833400,-4.251025,-3.434277,3.965675,4.597442,-6.137218,nan,0,nan,UNAVAILABLE,nan,UNAVAILABLE
2020-05-22,SOUTHEAST_ASIA,Singapore,1.3521,103.8198,15.0,MABIMS_1992,OK,NEVER_RISES,2458991.963194991,2458992.226702789,nan,-0.833400,-4.232628,-3.415893,4.035815,4.654397,-6.324187,nan,0,nan,UNAVAILABLE,nan,UNAVAILABLE
2020-05-22,SOUTHEAST_ASIA,Singapore,1.3521,103.8198,15.0,MABIMS_2021,OK,NEVER_RISES,2458991.963194991,2458992.226702789,nan,-0.833400,-4.232628,-3.415893,4.035815,4.654397,-6.324187,nan,0,nan,UNAVAILABLE,nan,UNAVAILABLE
2020-05-22,SOUTHEAST_ASIA,Bandar Seri Begawan,4.9031,114.9398,9.0,MABIMS_1992,OK,NEVER_SETS,2458991.936018553,2458992.226702789,nan,-0.833400,-4.739670,-3.922983,4.285772,4.966507,-6.976422,nan,0,nan,UNAVAILABLE,nan,UNAVAILABLE
2020-05-22,SOUTHEAST_ASIA,Bandar Seri Begawan,4.9031,114.9398,9.0,MABIMS_2021,OK,NEVER_SETS,2458991.936018553,2458992.226702789,nan,-0.833400,-4.739670,-3.922983,4.285772,4.966507,-6.976422,nan,0,nan,UNAVAILABLE,nan,UNAVAILABLE
2020-05-22,SOUTHEAST_ASIA,Yogyakarta,-7.7956,110.3695,113.0,WUJUDUL_HILAL_LOCAL,OK,NEVER_RISES,2458991.935460304,2458992.226702789,nan,-0.833400,-3.943276,-3.126589,4.290985,4.822585,-6.989820,nan,0,nan,UNAVAILABLE,nan,UNAVAILABLE
2020-05-22,SOUTHEAST_ASIA,Makassar,-5.1477,119.4327,8.0,WUJUDUL_HILAL_LOCAL,OK,NEVER_RISES,2458991.913061121,2458992.226702789,nan,-0.833400,-4.357857,-3.541210,4.502541,5.086483,-7.527400,nan,0,nan,UNAVAILABLE,nan,UNAVAILABLE
2020-05-22,SOUTHEAST_ASIA,Jayapura,-2.5916,140.6690,20.0,WUJUDUL_HILAL_LOCAL,OK,NEVER_RISES,2458991.856731432,2458992.226702789,nan,-0.833400,-5.131821,-4.315271,5.051766,5.702947,-8.879313,nan,0,nan,UNAVAILABLE,nan,UNAVAILABLE
2020-05-22,WEST_ASIA,Mecca,21.4225,39.8262,240.0,CONJUNCTION_AND_MOONSET,OK,NEVER_SETS,2458992.163284039,2458992.226702789,nan,-0.833400,-2.969984,-2.152899,2.615059,3.148752,-1.522050,nan,0,nan,UNAVAILABLE,nan,UNAVAILABLE
2020-05-22,NORTH_AFRICA,Cairo,30.0444,31.2357,23.0,LAG_AT_LEAST_5_MINUTES,OK,NEVER_SETS,2458992.198702329,2458992.226702789,nan,-0.833400,-2.944180,-2.127032,2.499160,3.045565,-0.672011,nan,0,nan,UNAVAILABLE,nan,UNAVAILABLE
2020-05-22,NORTH_AFRICA,Alexandria,31.2001,29.9187,5.0,LAG_AT_LEAST_5_MINUTES,OK,NEVER_SETS,2458992.204074217,2458992.226702789,nan,-0.833400,-2.934274,-2.117116,2.486839,3.032488,-0.543086,nan,0,nan,UNAVAILABLE,nan,UNAVAILABLE
2020-05-22,NORTH_AFRICA,Aswan,24.0889,32.8998,99.0,LAG_AT_LEAST_5_MINUTES,OK,NEVER_SETS,2458992.185903634,2458992.226702789,nan,-0.833400,-2.831435,-2.014310,2.534243,3.040557,-0.979180,nan,0,nan,UNAVAILABLE,nan,UNAVAILABLE
2020-05-22,WEST_ASIA,Istanbul,41.0082,28.9784,40.0,ALTITUDE_5_ELONGATION_8,OK,NEVER_SETS,2458992.223614840,2458992.226702789,nan,-0.833400,-3.132968,-2.315775,2.454425,3.066050,-0.074111,nan,0,nan,UNAVAILABLE,nan,UNAVAILABLE
2020-05-22,WEST_ASIA,Ankara,39.9334,32.8597,938.0,ALTITUDE_5_ELONGATION_8,OK,NEVER_SETS,2458992.210710653,2458992.226702789,nan,-0.833400,-3.220047,-2.402878,2.473628,3.107201,-0.383811,nan,0,nan,UNAVAILABLE,nan,UNAVAILABLE
2020-05-22,WEST_ASIA,Erzurum,39.9043,41.2679,1890.0,ALTITUDE_5_ELONGATION_8,OK,NEVER_SETS,2458992.187284311,2458992.226702789,nan,-0.833400,-3.455984,-2.638856,2.530077,3.220098,-0.946043,nan,0,nan,UNAVAILABLE,nan,UNAVAILABLE
2020-05-22,EUROPE,London,51.5074,-0.1278,11.0,ALTITUDE_5_ELONGATION_8,OK,NEVER_SETS,2458992.330946296,2458992.226702789,nan,-0.833400,-2.610117,-1.792732,2.630297,3.055566,2.501844,nan,0,nan,UNAVAILABLE,nan,UNAVAILABLE
2020-05-22,NORTH_AMERICA,New York,40.7128,-74.0060,10.0,ALTITUDE_5_ELONGATION_8,OK,NEVER_SETS,2458991.508649546,2458992.226702789,nan,-0.833400,-10.261853,-9.445884,8.712227,9.594770,-17.233278,nan,0,nan,UNAVAILABLE,nan,UNAVAILABLE
2020-05-22,NORTH_AMERICA,Toronto,43.6532,-79.3832,76.0,ALTITUDE_5_ELONGATION_8,OK,NEVER_SETS,2458991.529710211,2458992.226702789,nan,-0.833400,-9.940275,-9.124272,8.484140,9.358032,-16.727822,nan,0,nan,UNAVAILABLE,nan,UNAVAILABLE
2020-05-22,OCEANIA,Sydney,-33.8688,151.2093,58.0,ALTITUDE_5_ELONGATION_8,OK,NEVER_RISES,2458991.790389247,2458992.226702789,nan,-0.833400,-2.942843,-2.126405,5.722129,5.979085,-10.471525,nan,0,nan,UNAVAILABLE,nan,UNAVAILABLE
2021-04-12,SOUTHEAST_ASIA,Jakarta,-6.2088,106.8456,8.0,MABIMS_1992,OK,OK,2459316.953370861,2459316.618417109,2459316.964252936,-0.833400,3.197248,4.010547,5.133772,4.272816,8.038890,15.670188,1,-0.660049,F,-2.833074,NOT_VISIBLE
2021-04-12,SOUTHEAST_ASIA,Jakarta,-6.2088,106.8456,8.0,MABIMS_2021,OK,OK,2459316.953370861,2459316.618417109,2459316.964252936,-0.833400,3.197248,4.010547,5.133772,4.272816,8.038890,15.670188,0,-0.660049,F,-2.833074,NOT_VISIBLE
2021-04-12,SOUTHEAST_ASIA,Kuala Lumpur,3.1390,101.6869,66.0,MABIMS_1992,OK,OK,2459316.971743003,2459316.618417109,2459316.982270943,-0.833400,3.084363,3.897644,5.272012,4.461001,8.479821,15.160233,1,-0.669036,F,-2.922905,NOT_VISIBLE
2021-04-12,SOUTHEAST_ASIA,Kuala Lumpur,3.1390,101.6869,66.0,MABIMS_2021,OK,OK,2459316.971743003,2459316.618417109,2459316.982270943,-0.833400,3.084363,3.897644,5.272012,4.461001,8.479821,15.160233,0,-0.669036,F,-2.922905,NOT_VISIBLE
2021-04-12,SOUTHEAST_ASIA,Singapore,1.3521,103.8198,15.0,MABIMS_1992,OK,OK,2459316.965041629,2459316.618417109,2459316.975545197,-0.833400,3.081833,3.895121,5.221105,4.401180,8.318988,15.125138,1,-0.670066,F,-2.933238,NOT_VISIBLE
2021-04-12,SOUTHEAST_ASIA,Singapore,1.3521,103.8198,15.0,MABIMS_2021,OK,OK,2459316.965041629,2459316.618417109,2459316.975545197,-0.833400,3.081833,3.895121,5.221105,4.401180,8.318988,15.125138,0,-0.670066,F,-2.933238,NOT_VISIBLE
2021-04-12,SOUTHEAST_ASIA,Bandar Seri Begawan,4.9031,114.9398,9.0,MABIMS_1992,OK,OK,2459316.935705204,2459316.618417109,2459316.944980552,-0.833400,2.642850,3.456165,5.004952,4.236738,7.614914,13.356502,1,-0.716490,F,-3.397670,NOT_VISIBLE
2021-04-12,SOUTHEAST_ASIA,Bandar Seri Begawan,4.9031,114.9398,9.0,MABIMS_2021,OK,OK,2459316.935705204,2459316.618417109,2459316.944980552,-0.833400,2.642850,3.456165,5.004952,4.236738,7.614914,13.356502,0,-0.716490,F,-3.397670,NOT_VISIBLE
2021-04-12,SOUTHEAST_ASIA,Yogyakarta,-7.7956,110.3695,113.0,WUJUDUL_HILAL_LOCAL,OK,OK,2459316.942896955,2459316.618417109,2459316.953642004,-0.833400,3.138486,3.951795,5.056889,4.192690,7.787516,15.472871,1,-0.666989,F,-2.902526,NOT_VISIBLE
2021-04-12,SOUTHEAST_ASIA,Makassar,-5.1477,119.4327,8.0,WUJUDUL_HILAL_LOCAL,OK,OK,2459316.918875086,2459316.618417109,2459316.928710125,-0.833400,2.842139,3.655470,4.886266,4.051563,7.210991,14.162457,1,-0.698635,F,-3.219139,NOT_VISIBLE
2021-04-12,SOUTHEAST_ASIA,Jayapura,-2.5916,140.6690,20.0,WUJUDUL_HILAL_LOCAL,OK,OK,2459316.861000266,2459316.618417109,2459316.868947214,-0.833400,2.196462,3.009850,4.512538,3.750357,5.821996,11.443605,1,-0.767309,F,-3.906198,NOT_VISIBLE
2021-04-12,WEST_ASIA,Mecca,21.4225,39.8262,240.0,CONJUNCTION_AND_MOONSET,OK,OK,2459317.152171770,2459316.618417109,2459317.166819611,-0.833400,4.140824,4.953940,6.801312,6.039951,12.810112,21.092890,1,-0.538508,F,-1.616740,NOT_VISIBLE
2021-04-12,NORTH_AFRICA,Cairo,30.0444,31.2357,23.0,LAG_AT_LEAST_5_MINUTES,OK,OK,2459317.180905442,2459316.618417109,2459317.195788981,-0.833400,3.864810,4.677901,7.065652,6.375453,13.499720,21.432297,1,-0.560644,F,-1.838081,NOT_VISIBLE
2021-04-12,NORTH_AFRICA,Alexandria,31.2001,29.9187,5.0,LAG_AT_LEAST_5_MINUTES,OK,OK,2459317.185284048,2459316.618417109,2459317.200213171,-0.833400,3.822973,4.636060,7.106299,6.426368,13.604807,21.497936,1,-0.563975,F,-1.871390,NOT_VISIBLE
2021-04-12,NORTH_AFRICA,Aswan,24.0889,32.8998,99.0,LAG_AT_LEAST_5_MINUTES,OK,OK,2459317.172839826,2459316.618417109,2459317.187980088,-0.833400,4.199853,5.012951,6.991024,6.244543,13.306145,21.801978,1,-0.529013,F,-1.521703,NOT_VISIBLE
2021-04-12,WEST_ASIA,Istanbul,41.0082,28.9784,40.0,ALTITUDE_5_ELONGATION_8,OK,OK,2459317.194936002,2459316.618417109,2459317.209046206,-0.833400,3.069599,3.882677,7.196221,6.628688,13.836453,20.318694,0,-0.636615,F,-2.597953,NOT_VISIBLE
2021-04-12,WEST_ASIA,Ankara,39.9334,32.8597,938.0,ALTITUDE_5_ELONGATION_8,OK,OK,2459317.183275423,2459316.618417109,2459317.197065295,-0.833400,3.047785,3.860873,7.087641,6.513566,13.556600,19.857415,0,-0.640912,F,-2.640969,NOT_VISIBLE
2021-04-12,WEST_ASIA,Erzurum,39.9043,41.2679,1890.0,ALTITUDE_5_ELONGATION_8,OK,OK,2459317.159879747,2459316.618417109,2459317.172724492,-0.833400,2.801933,3.615042,6.871800,6.312952,12.995103,18.496433,0,-0.669367,F,-2.925648,NOT_VISIBLE
2021-04-12,EUROPE,London,51.5074,-0.1278,11.0,ALTITUDE_5_ELONGATION_8,OK,OK,2459317.286454876,2459316.618417109,2459317.302860259,-0.833400,2.874975,3.687974,8.068106,7.589988,16.032906,23.623752,0,-0.637678,F,-2.608335,NOT_VISIBLE
2021-04-12,NORTH_AMERICA,New York,40.7128,-74.0060,10.0,ALTITUDE_5_ELONGATION_8,OK,OK,2459317.480969380,2459316.618417109,2459317.506833035,-0.833400,6.120241,6.933082,10.002905,9.316913,20.701254,37.243664,1,-0.269416,E,1.075979,OPTICAL_AID_ONLY
2021-04-12,NORTH_AMERICA,Toronto,43.6532,-79.3832,76.0,ALTITUDE_5_ELONGATION_8,OK,OK,2459317.498471205,2459316.618417109,2459317.525008073,-0.833400,5.964056,6.776884,10.180780,9.522494,21.121298,38.213090,1,-0.280203,E,0.968080,OPTICAL_AID_ONLY
2021-04-12,OCEANIA,Sydney,-33.8688,151.2093,58.0,ALTITUDE_5_ELONGATION_8,OK,OK,2459316.816769873,2459316.618417109,2459316.827426086,-0.833400,2.524856,3.338288,4.269282,3.366497,4.760466,15.344947,0,-0.738547,F,-3.618681,NOT_VISIBLE
2022-04-01,SOUTHEAST_ASIA,Jakarta,-6.2088,106.8456,8.0,MABIMS_1992,OK,OK,2459670.956829312,2459670.772204550,2459670.963378769,-0.833400,1.709539,2.533470,3.866629,3.043500,4.430994,9.431218,0,-0.818463,F,-4.456471,NOT_VISIBLE
2022-04-01,SOUTHEAST_ASIA,Jakarta,-6.2088,106.8456,8.0,MABIMS_2021,OK,OK,2459670.956829312,2459670.772204550,2459670.963378769,-0.833400,1.709539,2.533470,3.866629,3.043500,4.430994,9.431218,0,-0.818463,F,-4.456471,NOT_VISIBLE
2022-04-01,SOUTHEAST_ASIA,Kuala Lumpur,3.1390,101.6869,66.0,MABIMS_1992,OK,OK,2459670.973253652,2459670.772204550,2459670.979395679,-0.833400,1.571643,2.395533,3.972115,3.217306,4.825178,8.844520,0,-0.830613,F,-4.577839,NOT_VISIBLE
2022-04-01,SOUTHEAST_ASIA,Kuala Lumpur,3.1390,101.6869,66.0,MABIMS_2021,OK,OK,2459670.973253652,2459670.772204550,2459670.979395679,-0.833400,1.571643,2.395533,3.972115,3.217306,4.825178,8.844520,0,-0.830613,F,-4.577839,NOT_VISIBLE
2022-04-01,SOUTHEAST_ASIA,Singapore,1.3521,103.8198,15.0,MABIMS_1992,OK,OK,2459670.966924361,2459670.772204550,2459670.973045325,-0.833400,1.568031,2.391937,3.930620,3.166930,4.673275,8.814188,0,-0.831493,F,-4.586700,NOT_VISIBLE
2022-04-01,SOUTHEAST_ASIA,Singapore,1.3521,103.8198,15.0,MABIMS_2021,OK,OK,2459670.966924361,2459670.772204550,2459670.973045325,-0.833400,1.568031,2.391937,3.930620,3.166930,4.673275,8.814188,0,-0.831493,F,-4.586700,NOT_VISIBLE
2022-04-01,SOUTHEAST_ASIA,Bandar Seri Begawan,4.9031,114.9398,9.0,MABIMS_1992,OK,OK,2459670.936848258,2459670.772204550,2459670.941638547,-0.833400,1.096717,1.920700,3.748407,3.084945,3.951449,6.898017,0,-0.879939,F,-5.071486,NOT_VISIBLE
2022-04-01,SOUTHEAST_ASIA,Bandar Seri Begawan,4.9031,114.9398,9.0,MABIMS_2021,OK,OK,2459670.936848258,2459670.772204550,2459670.941638547,-0.833400,1.096717,1.920700,3.748407,3.084945,3.951449,6.898017,0,-0.879939,F,-5.071486,NOT_VISIBLE
2022-04-01,SOUTHEAST_ASIA,Yogyakarta,-7.7956,110.3695,113.0,WUJUDUL_HILAL_LOCAL,OK,OK,2459670.946690205,2459670.772204550,2459670.953099357,-0.833400,1.654263,2.478220,3.805193,2.982445,4.187656,9.229178,1,-0.824642,F,-4.518366,NOT_VISIBLE
2022-04-01,SOUTHEAST_ASIA,Makassar,-5.1477,119.4327,8.0,WUJUDUL_HILAL_LOCAL,OK,OK,2459670.922112174,2459670.772204550,2459670.927540894,-0.833400,1.323176,2.147196,3.668924,2.915333,3.597783,7.817356,1,-0.858692,F,-4.859136,NOT_VISIBLE
2022-04-01,SOUTHEAST_ASIA,Jayapura,-2.5916,140.6690,20.0,WUJUDUL_HILAL_LOCAL,OK,OK,2459670.863705776,2459670.772204550,2459670.867102616,-0.833400,0.618712,1.442882,3.427356,2.848013,2.196029,4.891451,1,-0.930528,F,-5.578077,NOT_VISIBLE
2022-04-01,WEST_ASIA,Mecca,21.4225,39.8262,240.0,CONJUNCTION_AND_MOONSET,OK,OK,2459671.149651085,2459670.772204550,2459671.160229199,-0.833400,2.846315,3.669752,5.438453,4.665935,9.058717,15.232484,1,-0.683934,F,-3.109165,NOT_VISIBLE
2022-04-01,NORTH_AFRICA,Cairo,30.0444,31.2357,23.0,LAG_AT_LEAST_5_MINUTES,OK,OK,2459671.176151263,2459670.772204550,2459671.187008377,-0.833400,2.679889,3.503258,5.694176,4.993405,9.694721,15.634245,1,-0.695893,F,-3.228543,NOT_VISIBLE
2022-04-01,NORTH_AFRICA,Alexandria,31.2001,29.9187,5.0,LAG_AT_LEAST_5_MINUTES,OK,OK,2459671.180201698,2459670.772204550,2459671.191112581,-0.833400,2.655623,3.478981,5.733804,5.043122,9.791932,15.711671,1,-0.697585,F,-3.245434,NOT_VISIBLE
2022-04-01,NORTH_AFRICA,Aswan,24.0889,32.8998,99.0,LAG_AT_LEAST_5_MINUTES,OK,OK,2459671.169663080,2459670.772204550,2459671.180781374,-0.833400,2.947796,3.771181,5.630988,4.869768,9.539005,16.010343,1,-0.670674,F,-2.976362,NOT_VISIBLE
2022-04-01,WEST_ASIA,Istanbul,41.0082,28.9784,40.0,ALTITUDE_5_ELONGATION_8,OK,OK,2459671.186654951,2459670.772204550,2459671.196714652,-0.833400,2.041151,2.864493,5.797217,5.226719,9.946810,14.485969,0,-0.756969,F,-3.839320,NOT_VISIBLE
2022-04-01,WEST_ASIA,Ankara,39.9334,32.8597,938.0,ALTITUDE_5_ELONGATION_8,OK,OK,2459671.175389406,2459670.772204550,2459671.185091774,-0.833400,1.990767,2.814137,5.686738,5.113038,9.676437,13.971409,0,-0.763856,F,-3.908303,NOT_VISIBLE
2022-04-01,WEST_ASIA,Erzurum,39.9043,41.2679,1890.0,ALTITUDE_5_ELONGATION_8,OK,OK,2459671.152004250,2459670.772204550,2459671.160669487,-0.833400,1.718459,2.541890,5.460899,4.912693,9.115193,12.477941,0,-0.794513,F,-4.215128,NOT_VISIBLE
2022-04-01,EUROPE,London,51.5074,-0.1278,11.0,ALTITUDE_5_ELONGATION_8,OK,OK,2459671.273386881,2459670.772204550,2459671.286067111,-0.833400,2.122185,2.945303,6.677563,6.177341,12.028376,18.259532,0,-0.732473,F,-3.593513,NOT_VISIBLE
2022-04-01,NORTH_AMERICA,New York,40.7128,-74.0060,10.0,ALTITUDE_5_ELONGATION_8,OK,OK,2459671.472798256,2459670.772204550,2459671.495721793,-0.833400,5.400146,6.222750,8.828265,8.089273,16.814249,33.009893,1,-0.360033,F,0.133768,OPTICAL_AID_ONLY
2022-04-01,NORTH_AMERICA,Toronto,43.6532,-79.3832,76.0,ALTITUDE_5_ELONGATION_8,OK,OK,2459671.489157440,2459670.772204550,2459671.512860442,-0.833400,5.311055,6.133617,9.009533,8.297033,17.206869,34.132322,1,-0.364038,F,0.093834,OPTICAL_AID_ONLY
2022-04-01,OCEANIA,Sydney,-33.8688,151.2093,58.0,ALTITUDE_5_ELONGATION_8,OK,OK,2459670.826935269,2459670.772204550,2459670.833407446,-0.833400,1.329147,2.153410,3.343450,2.489863,1.313537,9.319935,0,-0.862203,F,-4.895133,NOT_VISIBLE
2023-03-21,SOUTHEAST_ASIA,Jakarta,-6.2088,106.8456,8.0,MABIMS_1992,OK,NEVER_RISES,2460024.960500449,2460025.214751562,nan,-0.833400,-3.304004,-2.464747,4.615234,5.022422,-6.102027,nan,0,nan,UNAVAILABLE,nan,UNAVAILABLE
2023-03-21,SOUTHEAST_ASIA,Jakarta,-6.2088,106.8456,8.0,MABIMS_2021,OK,NEVER_RISES,2460024.960500449,2460025.214751562,nan,-0.833400,-3.304004,-2.464747,4.615234,5.022422,-6.102027,nan,0,nan,UNAVAILABLE,nan,UNAVAILABLE
2023-03-21,SOUTHEAST_ASIA,Kuala Lumpur,3.1390,101.6869,66.0,MABIMS_1992,OK,NEVER_RISES,2460024.974921052,2460025.214751562,nan,-0.833400,-3.815893,-2.976667,4.460576,4.984085,-5.755932,nan,0,nan,UNAVAILABLE,nan,UNAVAILABLE
2023-03-21,SOUTHEAST_ASIA,Kuala Lumpur,3.1390,101.6869,66.0,MABIMS_2021,OK,NEVER_RISES,2460024.974921052,2460025.214751562,nan,-0.833400,-3.815893,-2.976667,4.460576,4.984085,-5.755932,nan,0,nan,UNAVAILABLE,nan,UNAVAILABLE
2023-03-21,SOUTHEAST_ASIA,Singapore,1.3521,103.8198,15.0,MABIMS_1992,OK,NEVER_RISES,2460024.968974379,2460025.214751562,nan,-0.833400,-3.762855,-2.923616,4.523958,5.030380,-5.898652,nan,0,nan,UNAVAILABLE,nan,UNAVAILABLE
2023-03-21,SOUTHEAST_ASIA,Singapore,1.3521,103.8198,15.0,MABIMS_2021,OK,NEVER_RISES,2460024.968974379,2460025.214751562,nan,-0.833400,-3.762855,-2.923616,4.523958,5.030380,-5.898652,nan,0,nan,UNAVAILABLE,nan,UNAVAILABLE
2023-03-21,SOUTHEAST_ASIA,Bandar Seri Begawan,4.9031,114.9398,9.0,MABIMS_1992,OK,NEVER_RISES,2460024.938136586,2460025.214751562,nan,-0.833400,-4.398131,-3.558827,4.861091,5.452654,-6.638759,nan,0,nan,UNAVAILABLE,nan,UNAVAILABLE
2023-03-21,SOUTHEAST_ASIA,Bandar Seri Begawan,4.9031,114.9398,9.0,MABIMS_2021,OK,NEVER_RISES,2460024.938136586,2460025.214751562,nan,-0.833400,-4.398131,-3.558827,4.861091,5.452654,-6.638759,nan,0,nan,UNAVAILABLE,nan,UNAVAILABLE
2023-03-21,SOUTHEAST_ASIA,Yogyakarta,-7.7956,110.3695,113.0,WUJUDUL_HILAL_LOCAL,OK,NEVER_RISES,2460024.950705539,2460025.214751562,nan,-0.833400,-3.290663,-2.451386,4.722065,5.118127,-6.337105,nan,0,nan,UNAVAILABLE,nan,UNAVAILABLE
2023-03-21,SOUTHEAST_ASIA,Makassar,-5.1477,119.4327,8.0,WUJUDUL_HILAL_LOCAL,OK,NEVER_RISES,2460024.925554450,2460025.214751562,nan,-0.833400,-3.782935,-2.943605,5.002282,5.468016,-6.940731,nan,0,nan,UNAVAILABLE,nan,UNAVAILABLE
2023-03-21,SOUTHEAST_ASIA,Jayapura,-2.5916,140.6690,20.0,WUJUDUL_HILAL_LOCAL,OK,NEVER_RISES,2460024.866599345,2460025.214751562,nan,-0.833400,-4.677115,-3.837664,5.686308,6.243800,-8.355653,nan,0,nan,UNAVAILABLE,nan,UNAVAILABLE
2023-03-21,WEST_ASIA,Mecca,21.4225,39.8262,240.0,CONJUNCTION_AND_MOONSET,OK,NEVER_RISES,2460025.147181467,2460025.214751562,nan,-0.833400,-2.642703,-1.803859,3.015176,3.420765,-1.621682,nan,0,nan,UNAVAILABLE,nan,UNAVAILABLE
2023-03-21,NORTH_AFRICA,Cairo,30.0444,31.2357,23.0,LAG_AT_LEAST_5_MINUTES,OK,NEVER_RISES,2460025.171397314,2460025.214751562,nan,-0.833400,-2.740136,-1.901348,2.907127,3.354979,-1.040502,nan,0,nan,UNAVAILABLE,nan,UNAVAILABLE
2023-03-21,NORTH_AFRICA,Alexandria,31.2001,29.9187,5.0,LAG_AT_LEAST_5_MINUTES,OK,NEVER_RISES,2460025.175112962,2460025.214751562,nan,-0.833400,-2.745273,-1.906493,2.893495,3.344702,-0.951326,nan,0,nan,UNAVAILABLE,nan,UNAVAILABLE
2023-03-21,NORTH_AFRICA,Aswan,24.0889,32.8998,99.0,LAG_AT_LEAST_5_MINUTES,OK,NEVER_RISES,2460025.166521735,2460025.214751562,nan,-0.833400,-2.514977,-1.676178,2.926236,3.304340,-1.157516,nan,0,nan,UNAVAILABLE,nan,UNAVAILABLE
2023-03-21,WEST_ASIA,Istanbul,41.0082,28.9784,40.0,ALTITUDE_5_ELONGATION_8,OK,NEVER_RISES,2460025.178317311,2460025.214751562,nan,-0.833400,-3.156830,-2.318058,2.882396,3.455826,-0.874422,nan,0,nan,UNAVAILABLE,nan,UNAVAILABLE
2023-03-21,WEST_ASIA,Ankara,39.9334,32.8597,938.0,ALTITUDE_5_ELONGATION_8,OK,NEVER_RISES,2460025.167451263,2460025.214751562,nan,-0.833400,-3.252835,-2.414038,2.922487,3.516641,-1.135207,nan,0,nan,UNAVAILABLE,nan,UNAVAILABLE
2023-03-21,WEST_ASIA,Erzurum,39.9043,41.2679,1890.0,ALTITUDE_5_ELONGATION_8,OK,NEVER_RISES,2460025.144076495,2460025.214751562,nan,-0.833400,-3.561845,-2.722993,3.031330,3.691922,-1.696202,nan,0,nan,UNAVAILABLE,nan,UNAVAILABLE
2023-03-21,EUROPE,London,51.5074,-0.1278,11.0,ALTITUDE_5_ELONGATION_8,OK,NEVER_RISES,2460025.260253352,2460025.214751562,nan,-0.833400,-2.582084,-1.743505,2.819736,3.231029,1.092043,nan,0,nan,UNAVAILABLE,nan,UNAVAILABLE
2023-03-21,NORTH_AMERICA,New York,40.7128,-74.0060,10.0,ALTITUDE_5_ELONGATION_8,OK,OK,2460025.464574836,2460025.214751562,2460025.469213162,-0.833400,0.636444,1.474511,4.213311,3.719537,5.995759,6.679189,0,-0.912636,F,-5.450156,NOT_VISIBLE
2023-03-21,NORTH_AMERICA,Toronto,43.6532,-79.3832,76.0,ALTITUDE_5_ELONGATION_8,OK,OK,2460025.479780524,2460025.214751562,2460025.484726665,-0.833400,0.655726,1.493754,4.368994,3.890198,6.360695,7.122442,0,-0.908536,F,-5.409011,NOT_VISIBLE
2023-03-21,OCEANIA,Sydney,-33.8688,151.2093,58.0,ALTITUDE_5_ELONGATION_8,OK,NEVER_RISES,2460024.837488819,2460025.214751562,nan,-0.833400,-1.901715,-1.062205,6.035121,6.127473,-9.054306,nan,0,nan,UNAVAILABLE,nan,UNAVAILABLE
2024-04-08,SOUTHEAST_ASIA,Jakarta,-6.2088,106.8456,8.0,MABIMS_1992,OK,NEVER_RISES,2460408.954480398,2460409.250318007,nan,-0.833400,-5.483035,-4.639045,4.145001,5.056664,-7.100103,nan,0,nan,UNAVAILABLE,nan,UNAVAILABLE
2024-04-08,SOUTHEAST_ASIA,Jakarta,-6.2088,106.8456,8.0,MABIMS_2021,OK,NEVER_RISES,2460408.954480398,2460409.250318007,nan,-0.833400,-5.483035,-4.639045,4.145001,5.056664,-7.100103,nan,0,nan,UNAVAILABLE,nan,UNAVAILABLE
2024-04-08,SOUTHEAST_ASIA,Kuala Lumpur,3.1390,101.6869,66.0,MABIMS_1992,OK,NEVER_RISES,2460408.972216488,2460409.250318007,nan,-0.833400,-5.532399,-4.688430,3.896162,4.865218,-6.674436,nan,0,nan,UNAVAILABLE,nan,UNAVAILABLE
2024-04-08,SOUTHEAST_ASIA,Kuala Lumpur,3.1390,101.6869,66.0,MABIMS_2021,OK,NEVER_RISES,2460408.972216488,2460409.250318007,nan,-0.833400,-5.532399,-4.688430,3.896162,4.865218,-6.674436,nan,0,nan,UNAVAILABLE,nan,UNAVAILABLE
2024-04-08,SOUTHEAST_ASIA,Singapore,1.3521,103.8198,15.0,MABIMS_1992,OK,NEVER_RISES,2460408.965636631,2460409.250318007,nan,-0.833400,-5.573900,-4.729923,3.988457,4.947858,-6.832353,nan,0,nan,UNAVAILABLE,nan,UNAVAILABLE
2024-04-08,SOUTHEAST_ASIA,Singapore,1.3521,103.8198,15.0,MABIMS_2021,OK,NEVER_RISES,2460408.965636631,2460409.250318007,nan,-0.833400,-5.573900,-4.729923,3.988457,4.947858,-6.832353,nan,0,nan,UNAVAILABLE,nan,UNAVAILABLE
2024-04-08,SOUTHEAST_ASIA,Bandar Seri Begawan,4.9031,114.9398,9.0,MABIMS_1992,OK,NEVER_RISES,2460408.936058743,2460409.250318007,nan,-0.833400,-6.039021,-5.195011,4.403629,5.376019,-7.542222,nan,0,nan,UNAVAILABLE,nan,UNAVAILABLE
2024-04-08,SOUTHEAST_ASIA,Bandar Seri Begawan,4.9031,114.9398,9.0,MABIMS_2021,OK,NEVER_RISES,2460408.936058743,2460409.250318007,nan,-0.833400,-6.039021,-5.195011,4.403629,5.376019,-7.542222,nan,0,nan,UNAVAILABLE,nan,UNAVAILABLE
2024-04-08,SOUTHEAST_ASIA,Yogyakarta,-7.7956,110.3695,113.0,WUJUDUL_HILAL_LOCAL,OK,NEVER_RISES,2460408.944115847,2460409.250318007,nan,-0.833400,-5.544731,-4.700730,4.290493,5.188520,-7.348852,nan,0,nan,UNAVAILABLE,nan,UNAVAILABLE
2024-04-08,SOUTHEAST_ASIA,Makassar,-5.1477,119.4327,8.0,WUJUDUL_HILAL_LOCAL,OK,NEVER_RISES,2460408.919912454,2460409.250318007,nan,-0.833400,-5.927880,-5.083851,4.630439,5.542953,-7.929733,nan,0,nan,UNAVAILABLE,nan,UNAVAILABLE
2024-04-08,SOUTHEAST_ASIA,Jayapura,-2.5916,140.6690,20.0,WUJUDUL_HILAL_LOCAL,OK,NEVER_RISES,2460408.861864238,2460409.250318007,nan,-0.833400,-6.726866,-5.882777,5.446638,6.368001,-9.322890,nan,0,nan,UNAVAILABLE,nan,UNAVAILABLE
2024-04-08,WEST_ASIA,Mecca,21.4225,39.8262,240.0,CONJUNCTION_AND_MOONSET,OK,NEVER_SETS,2460409.151327580,2460409.250318007,nan,-0.833400,-3.236160,-2.392418,1.407587,2.414267,-2.375770,nan,0,nan,UNAVAILABLE,nan,UNAVAILABLE
2024-04-08,NORTH_AFRICA,Cairo,30.0444,31.2357,23.0,LAG_AT_LEAST_5_MINUTES,OK,NEVER_SETS,2460409.179329975,2460409.250318007,nan,-0.833400,-2.791179,-1.947477,1.033601,2.003207,-1.703713,nan,0,nan,UNAVAILABLE,nan,UNAVAILABLE
2024-04-08,NORTH_AFRICA,Alexandria,31.2001,29.9187,5.0,LAG_AT_LEAST_5_MINUTES,OK,NEVER_SETS,2460409.183601004,2460409.250318007,nan,-0.833400,-2.722418,-1.878722,0.977943,1.939410,-1.601208,nan,0,nan,UNAVAILABLE,nan,UNAVAILABLE
2024-04-08,NORTH_AFRICA,Aswan,24.0889,32.8998,99.0,LAG_AT_LEAST_5_MINUTES,OK,NEVER_SETS,2460409.171780957,2460409.250318007,nan,-0.833400,-2.936458,-2.092746,1.133085,2.126790,-1.884889,nan,0,nan,UNAVAILABLE,nan,UNAVAILABLE
2024-04-08,WEST_ASIA,Istanbul,41.0082,28.9784,40.0,ALTITUDE_5_ELONGATION_8,OK,NEVER_SETS,2460409.192202164,2460409.250318007,nan,-0.833400,-2.515945,-1.672261,0.867647,1.771607,-1.394780,nan,0,nan,UNAVAILABLE,nan,UNAVAILABLE
2024-04-08,WEST_ASIA,Ankara,39.9334,32.8597,938.0,ALTITUDE_5_ELONGATION_8,OK,NEVER_SETS,2460409.180671614,2460409.250318007,nan,-0.833400,-2.684458,-1.840758,1.016063,1.939135,-1.671513,nan,0,nan,UNAVAILABLE,nan,UNAVAILABLE
2024-04-08,WEST_ASIA,Erzurum,39.9043,41.2679,1890.0,ALTITUDE_5_ELONGATION_8,OK,NEVER_SETS,2460409.157279413,2460409.250318007,nan,-0.833400,-3.005471,-2.161738,1.327126,2.267282,-2.232926,nan,0,nan,UNAVAILABLE,nan,UNAVAILABLE
2024-04-08,EUROPE,London,51.5074,-0.1278,11.0,ALTITUDE_5_ELONGATION_8,OK,NEVER_SETS,2460409.282138210,2460409.250318007,nan,-0.833400,-1.252394,-0.408846,0.613308,0.442333,0.763685,nan,0,nan,UNAVAILABLE,nan,UNAVAILABLE
2024-04-08,NORTH_AMERICA,New York,40.7128,-74.0060,10.0,ALTITUDE_5_ELONGATION_8,OK,OK,2460409.478271569,2460409.250318007,2460409.485962022,-0.833400,1.384703,2.227919,3.256881,2.253474,5.470886,11.074252,0,-0.847483,F,-4.817474,NOT_VISIBLE
2024-04-08,NORTH_AMERICA,Toronto,43.6532,-79.3832,76.0,ALTITUDE_5_ELONGATION_8,OK,OK,2460409.495396948,2460409.250318007,2460409.504333792,-0.833400,1.589504,2.432689,3.495315,2.504819,5.881895,12.869055,0,-0.824449,F,-4.587001,NOT_VISIBLE
2024-04-08,OCEANIA,Sydney,-33.8688,151.2093,58.0,ALTITUDE_5_ELONGATION_8,OK,NEVER_RISES,2460408.820072648,2460409.250318007,nan,-0.833400,-5.018999,-4.174869,6.034863,6.622231,-10.325889,nan,0,nan,UNAVAILABLE,nan,UNAVAILABLE
2025-02-28,SOUTHEAST_ASIA,Jakarta,-6.2088,106.8456,8.0,MABIMS_1992,OK,OK,2460734.966578673,2460734.528321670,2460734.979626316,-0.833400,3.931099,4.771574,6.070065,5.127697,10.518168,18.788606,1,-0.558771,F,-1.919826,NOT_VISIBLE
2025-02-28,SOUTHEAST_ASIA,Jakarta,-6.2088,106.8456,8.0,MABIMS_2021,OK,OK,2460734.966578673,2460734.528321670,2460734.979626316,-0.833400,3.931099,4.771574,6.070065,5.127697,10.518168,18.788606,0,-0.558771,F,-1.919826,NOT_VISIBLE
2025-02-28,SOUTHEAST_ASIA,Kuala Lumpur,3.1390,101.6869,66.0,MABIMS_1992,OK,OK,2460734.977340955,2460734.528321670,2460734.991447976,-0.833400,4.298617,5.139109,6.212347,5.225605,10.776463,20.314110,1,-0.518781,F,-1.519865,NOT_VISIBLE
2025-02-28,SOUTHEAST_ASIA,Kuala Lumpur,3.1390,101.6869,66.0,MABIMS_2021,OK,OK,2460734.977340955,2460734.528321670,2460734.991447976,-0.833400,4.298617,5.139109,6.212347,5.225605,10.776463,20.314110,0,-0.518781,F,-1.519865,NOT_VISIBLE
2025-02-28,SOUTHEAST_ASIA,Singapore,1.3521,103.8198,15.0,MABIMS_1992,OK,OK,2460734.972092402,2460734.528321670,2460734.985886166,-0.833400,4.199913,5.040397,6.142925,5.161987,10.650498,19.863020,1,-0.530068,F,-1.632732,NOT_VISIBLE
2025-02-28,SOUTHEAST_ASIA,Singapore,1.3521,103.8198,15.0,MABIMS_2021,OK,OK,2460734.972092402,2460734.528321670,2460734.985886166,-0.833400,4.199913,5.040397,6.142925,5.161987,10.650498,19.863020,0,-0.530068,F,-1.632732,NOT_VISIBLE
2025-02-28,SOUTHEAST_ASIA,Bandar Seri Begawan,4.9031,114.9398,9.0,MABIMS_1992,OK,OK,2460734.939861888,2460734.528321670,2460734.952718724,-0.833400,3.851580,4.692011,5.718112,4.722483,9.876965,18.513843,1,-0.571891,F,-2.050886,NOT_VISIBLE
2025-02-28,SOUTHEAST_ASIA,Bandar Seri Begawan,4.9031,114.9398,9.0,MABIMS_2021,OK,OK,2460734.939861888,2460734.528321670,2460734.952718724,-0.833400,3.851580,4.692011,5.718112,4.722483,9.876965,18.513843,0,-0.571891,F,-2.050886,NOT_VISIBLE
2025-02-28,SOUTHEAST_ASIA,Yogyakarta,-7.7956,110.3695,113.0,WUJUDUL_HILAL_LOCAL,OK,OK,2460734.957411873,2460734.528321670,2460734.970038744,-0.833400,3.773398,4.613858,5.949096,5.015389,10.298165,18.182694,1,-0.576716,F,-2.099270,NOT_VISIBLE
2025-02-28,SOUTHEAST_ASIA,Makassar,-5.1477,119.4327,8.0,WUJUDUL_HILAL_LOCAL,OK,OK,2460734.931211716,2460734.528321670,2460734.943167149,-0.833400,3.557902,4.398320,5.604581,4.647950,9.669361,17.215823,1,-0.603871,F,-2.370731,NOT_VISIBLE
2025-02-28,SOUTHEAST_ASIA,Jayapura,-2.5916,140.6690,20.0,WUJUDUL_HILAL_LOCAL,OK,OK,2460734.871249783,2460734.528321670,2460734.881320029,-0.833400,2.910668,3.750985,4.824656,3.842299,8.230275,14.501155,1,-0.680100,F,-3.132816,NOT_VISIBLE
2025-02-28,WEST_ASIA,Mecca,21.4225,39.8262,240.0,CONJUNCTION_AND_MOONSET,OK,OK,2460735.142061918,2460734.528321670,2460735.164363942,-0.833400,6.547555,7.388294,8.415336,7.421089,14.729766,32.114915,1,-0.242846,E,1.239632,OPTICAL_AID_ONLY
2025-02-28,NORTH_AFRICA,Cairo,30.0444,31.2357,23.0,LAG_AT_LEAST_5_MINUTES,OK,OK,2460735.162111171,2460734.528321670,2460735.186457367,-0.833400,6.608951,7.449718,8.685819,7.718856,15.210948,35.058522,1,-0.226949,D,1.398539,OPTICAL_AID_ONLY
2025-02-28,NORTH_AFRICA,Alexandria,31.2001,29.9187,5.0,LAG_AT_LEAST_5_MINUTES,OK,OK,2460735.165216214,2460734.528321670,2460735.189875787,-0.833400,6.607957,7.448728,8.727743,7.766176,15.285469,35.509785,1,-0.225511,D,1.412899,OPTICAL_AID_ONLY
2025-02-28,NORTH_AFRICA,Aswan,24.0889,32.8998,99.0,LAG_AT_LEAST_5_MINUTES,OK,OK,2460735.160177519,2460734.528321670,2460735.183608673,-0.833400,6.750998,7.591762,8.659716,7.671076,15.164540,33.740862,1,-0.215425,D,1.513865,OPTICAL_AID_ONLY
2025-02-28,WEST_ASIA,Istanbul,41.0082,28.9784,40.0,ALTITUDE_5_ELONGATION_8,OK,OK,2460735.162494050,2460734.528321670,2460735.188583673,-0.833400,6.059868,6.900635,8.690988,7.794983,15.220137,37.569057,1,-0.277405,E,0.893672,OPTICAL_AID_ONLY
2025-02-28,WEST_ASIA,Ankara,39.9334,32.8597,938.0,ALTITUDE_5_ELONGATION_8,OK,OK,2460735.152356350,2460734.528321670,2460735.177736072,-0.833400,5.991646,6.832399,8.554170,7.650869,14.976832,36.546800,1,-0.288397,E,0.783763,OPTICAL_AID_ONLY
2025-02-28,WEST_ASIA,Erzurum,39.9043,41.2679,1890.0,ALTITUDE_5_ELONGATION_8,OK,OK,2460735.128999701,2460734.528321670,2460735.153167272,-0.833400,5.679706,6.520426,8.239327,7.339248,14.416273,34.801303,1,-0.327932,F,0.388380,OPTICAL_AID_ONLY
2025-02-28,EUROPE,London,51.5074,-0.1278,11.0,ALTITUDE_5_ELONGATION_8,OK,OK,2460735.235684155,2460734.528321670,2460735.268343949,-0.833400,6.164489,7.005354,9.681335,8.875037,16.976700,47.030104,1,-0.232398,E,1.343435,OPTICAL_AID_ONLY
2025-02-28,NORTH_AMERICA,New York,40.7128,-74.0060,10.0,ALTITUDE_5_ELONGATION_8,OK,OK,2460735.448969971,2460734.528321670,2460735.489953673,-0.833400,9.922385,10.763503,12.585887,11.667220,22.095559,59.016531,1,0.237212,A,6.041329,NAKED_EYE
2025-02-28,NORTH_AMERICA,Toronto,43.6532,-79.3832,76.0,ALTITUDE_5_ELONGATION_8,OK,OK,2460735.462071544,2460734.528321670,2460735.504848805,-0.833400,9.843275,10.684407,12.764962,11.867038,22.409997,61.599256,1,0.238691,A,6.056003,NAKED_EYE
2025-02-28,OCEANIA,Sydney,-33.8688,151.2093,58.0,ALTITUDE_5_ELONGATION_8,OK,OK,2460734.856159407,2460734.528321670,2460734.863813364,-0.833400,1.653862,2.494153,4.630752,3.930367,7.868106,11.021698,0,-0.808374,F,-4.415676,NOT_VISIBLE
